alt,en,es
ğŸ˜€,grinning,sonriendo
ğŸ˜ƒ,grinning,sonriendo
ğŸ˜„,grinning,sonriendo
ğŸ˜,beaming,radiante
ğŸ˜†,grinning,sonriendo
ğŸ˜…,grinning,sonriendo
ğŸ¤£,laughing,riendo
ğŸ˜‚,joy,alegrÃ­a
ğŸ™‚,smiling,sonriente
ğŸ™ƒ,upside-down,al revÃ©s
ğŸ˜‰,winking,parpadeo
ğŸ˜Š,smiling,sonriente
ğŸ˜‡,smiling,sonriente
ğŸ˜,smiling,sonriente
ğŸ¤©,star-struck,estrellado
ğŸ˜˜,kiss,Beso
ğŸ˜—,kissing,besando
ğŸ˜š,kissing,besando
ğŸ˜™,kissing,besando
ğŸ˜‹,food,comida
ğŸ˜›,tongue,lengua
ğŸ˜œ,tongue,lengua
ğŸ¤ª,zany,loco
ğŸ˜,tongue,lengua
ğŸ¤‘,money-mouth,dinero-boca
ğŸ¤—,hugging,abrazÃ¡ndose
ğŸ¤­,mouth,boca
ğŸ¤«,shushing,callar
ğŸ¤”,thinking,pensando
ğŸ¤,zipper-mouth,boca de cremallera
ğŸ¤¨,eyebrow,ceja
ğŸ˜,neutral,neutral
ğŸ˜‘,expressionless,inexpresivo
ğŸ˜¶,without mouth,sin boca
ğŸ˜,smirking,sonriendo
ğŸ˜’,unamused,aburrido
ğŸ™„,eyes,ojos
ğŸ˜¬,grimacing,haciendo muecas
ğŸ¤¥,lying,acostado
ğŸ˜Œ,relieved,aliviado
ğŸ˜”,pensive,pensativo
ğŸ˜ª,sleepy,soÃ±oliento
ğŸ¤¤,drooling,babeando
ğŸ˜´,sleeping,dormido
ğŸ¤’,thermometer,termÃ³metro
ğŸ¤•,head-bandage,vendaje
ğŸ¤¢,nauseated,nÃ¡useas
ğŸ¤®,vomiting,vÃ³mitos
ğŸ¤§,sneezing,estornudando
ğŸ˜µ,dizzy,mareado
ğŸ¤¯,exploding,explotando
ğŸ¤ ,cowboy hat,sombrero de vaquero
ğŸ˜,sunglasses,Gafas de sol
ğŸ¤“,nerd,empollÃ³n
ğŸ§,monocle,monÃ³culo
ğŸ˜•,confused,confuso
ğŸ˜Ÿ,worried,preocupado
ğŸ™,frowning,ceÃ±udo
ğŸ˜®,with open mouth,con la boca abierta
ğŸ˜¯,hushed,callado
ğŸ˜²,astonished,asombrado
ğŸ˜³,flushed,enrojecido
ğŸ˜¦,open mouth,boca abierta
ğŸ˜§,anguished,angustiado
ğŸ˜¨,fearful,temeroso
ğŸ˜°,anxious,ansioso
ğŸ˜¥,sad,triste
ğŸ˜¢,crying,llorando
ğŸ˜­,crying,llorando
ğŸ˜±,fear,miedo
ğŸ˜–,confounded,aturdido
ğŸ˜£,persevering,perseverante
ğŸ˜,disappointed,decepcionado
ğŸ˜“,sweat,sudor
ğŸ˜©,weary,cansado
ğŸ˜«,tired,cansado
ğŸ˜¤,nose,nariz
ğŸ˜¡,angry,enojado
ğŸ˜ ,angry,enojado
ğŸ¤¬,mouth,boca
ğŸ˜ˆ,horns,cuerna
ğŸ‘¿,horns,cuerna
ğŸ’€,skull,crÃ¡neo
â˜ ,skull,crÃ¡neo
ğŸ’©,poo,poo
ğŸ¤¡,clown,payaso
ğŸ‘¹,ogre,ogro
ğŸ‘º,goblin,duende
ğŸ‘»,ghost,fantasma
ğŸ‘½,alien,extraterrestre
ğŸ‘¾,alien monster,monstruo alienÃ­gena
ğŸ¤–,robot,robot
ğŸ˜º,grinning cat,gato sonriente
ğŸ˜¸,grinning cat smiling eyes,sonriente ojos sonrientes gato
ğŸ˜¹,cat joy,alegrÃ­a de gato
ğŸ˜»,smiling cat heart-eyes,sonriente corazÃ³n de gato ojos
ğŸ˜¼,cat wry smile,gato irÃ³nico sonrisa
ğŸ˜½,kissing cat,besando a gato
ğŸ™€,weary cat,gato cansado
ğŸ˜¿,crying cat,gato llorando
ğŸ˜¾,pouting cat,gato pucheros
ğŸ™ˆ,see-no-evil monkey,mono no-malvado
ğŸ™‰,hear-no-evil monkey,mono no-malvado
ğŸ™Š,speak-no-evil monkey,mono de speak-no-evil
ğŸ’‹,kiss mark,marca de beso
ğŸ’Œ,love letter,carta de amor
ğŸ’˜,heart arrow,flecha del corazÃ³n
ğŸ’,heart ribbon,cinta de corazÃ³n
ğŸ’–,sparkling heart,corazÃ³n resplandeciente
ğŸ’—,growing heart,corazÃ³n creciente
ğŸ’“,beating heart,corazÃ³n palpitante
ğŸ‘ ,high-heel,tacÃ³n
ğŸ’,revolving hearts,corazones giratorios
ğŸ’•,two hearts,dos corazones
ğŸ’Ÿ,heart decoration,decoraciÃ³n del corazÃ³n
â£,heavy heart exclamation,fuerte exclamaciÃ³n de corazÃ³n
ğŸ’”,broken heart,corazÃ³n roto
â¤,red heart,corazÃ³n rojo
ğŸ§¡,heart,corazÃ³n
ğŸ’›,yellow heart,corazÃ³n amarillo
ğŸ’š,green heart,corazÃ³n verde
ğŸ’™,blue heart,corazÃ³n azul
ğŸ’œ,purple heart,corazÃ³n Purpura
ğŸ–¤,heart,corazÃ³n
ğŸ’¯,hundred,cien
ğŸ’¢,anger,ira
ğŸ’¥,collision,colisiÃ³n
ğŸ’«,dizzy,mareado
ğŸ’¦,sweat droplets,gotas de sudor
ğŸ’¨,dashing away,corriendo lejos
ğŸ•³,hole,agujero
ğŸ’£,bomb,bomba
ğŸ’¬,speech balloon,globo de discurso
ğŸ‘ï¸â€ğŸ—¨ï¸,eye in speech bubble,ojo en el bocadillo
ğŸ—¨,left speech bubble,burbuja de discurso izquierda
ğŸ—¯,right anger bubble,burbuja de ira derecha
ğŸ’­,thought balloon,globo de pensamiento
ğŸ’¤,zzz,zzz
ğŸ‘‹,waving hand,mano que saluda
ğŸ¤š,raised back of hand,levantado de la mano
ğŸ–,hand fingers splayed,dedos de la mano extendidos
âœ‹,raised hand,mano levantada
ğŸ––,vulcan salute,saludo vulcan
ğŸ‘Œ,OK hand,Mano OK
âœŒ,victory hand,mano de victoria
ğŸ¤,crossed fingers,dedos cruzados
ğŸ¤Ÿ,love-you gesture,gesto de amor-tu
ğŸ¤˜,sign of the horns,signo de los cuernos
ğŸ¤™,call me hand,llÃ¡mame mano
ğŸ‘ˆ,backhand index pointing left,Ã­ndice de revÃ©s apuntando hacia la izquierda
ğŸ‘‰,backhand index pointing right,Ã­ndice de revÃ©s apuntando a la derecha
ğŸ‘†,backhand index pointing up,Ã­ndice de revÃ©s apuntando hacia arriba
ğŸ–•,middle finger,dedo medio
ğŸ‘‡,backhand index pointing down,Ã­ndice de revÃ©s apuntando hacia abajo
â˜,index pointing up,Ã­ndice apuntando hacia arriba
ğŸ‘,thumbs up,Pulgares hacia arriba
ğŸ‘,thumbs down,pulgares abajo
âœŠ,raised fist,puÃ±o levantado
ğŸ‘Š,oncoming fist,puÃ±o que se aproxima
ğŸ¤›,left-facing fist,puÃ±o izquierdo
ğŸ¤œ,right-facing fist,puÃ±o derecho
ğŸ‘,clapping hands,aplaudir
ğŸ™Œ,raising hands,levantando las manos
ğŸ‘,open hands,manos abiertas
ğŸ¤²,palms up together,palmas juntas
ğŸ¤,handshake,apretÃ³n de manos
âœ,writing hand,escribiendo la mano
ğŸ’…,nail polish,esmalte de uÃ±as
ğŸ¤³,selfie,selfie
ğŸ’ª,flexed biceps,bÃ­ceps flexionado
ğŸ‘‚,ear,oreja
ğŸ‘ƒ,nose,nariz
ğŸ§ ,brain,cerebro
ğŸ‘€,eyes,ojos
ğŸ‘,eye,ojo
ğŸ‘…,tongue,lengua
ğŸ‘„,mouth,boca
ğŸ‘¶,baby,bebÃ©
ğŸ§’,child,niÃ±o
ğŸ‘¦,boy,chico
ğŸ‘§,girl,niÃ±a
ğŸ§‘,person,persona
ğŸ‘±,person blond hair,persona rubia
ğŸ§”,man beard,hombre barba
ğŸ‘©,woman,mujer
ğŸ‘±â€â™€ï¸,woman blond hair,mujer rubia
ğŸ§“,older person,persona mayor
ğŸ‘´,old man,anciano
ğŸ‘µ,old woman,anciana
ğŸ™â€â™‚ï¸,man pouting,hombre haciendo pucheros
ğŸ™â€â™€ï¸,woman pouting,mujer haciendo pucheros
ğŸ™…,person gesturing NO,persona gesticulando NO
ğŸ™…â€â™‚ï¸,man gesturing NO,hombre gesticulando NO
ğŸ™†,person gesturing OK,persona gesticulando OK
ğŸ™†â€â™‚ï¸,man gesturing OK,hombre gesticulando OK
ğŸ’,person tipping hand,persona que da vueltas a la mano
ğŸ’â€â™‚ï¸,man tipping hand,hombre inclinando la mano
ğŸ™‹,person raising hand,persona levantando la mano
ğŸ™‹â€â™‚ï¸,man raising hand,hombre levantando la mano
ğŸ™‡,person bowing,persona inclinada
ğŸ™‡â€â™‚ï¸,man bowing,hombre inclinado
ğŸ™‡â€â™€ï¸,woman bowing,mujer inclinada
ğŸ¤¦â€â™‚ï¸,manpalming,manpalming
ğŸ¤¦â€â™€ï¸,womanpalming,womanpalming
ğŸ¤·â€â™‚ï¸,man shrugging,hombre encogiÃ©ndose de hombros
ğŸ¤·â€â™€ï¸,woman shrugging,mujer encogiÃ©ndose de hombros
ğŸ‘¨â€ğŸ“,man student,estudiante hombre
ğŸ‘©â€ğŸ“,woman student,estudiante de mujer
ğŸ‘¨â€ğŸ«,man teacher,hombre maestro
ğŸ‘©â€ğŸ«,woman teacher,profesora
ğŸ‘¨â€âš–ï¸,man judge,hombre juez
ğŸ‘©â€âš–ï¸,woman judge,juez mujer
ğŸ‘¨â€ğŸŒ¾,man farmer,hombre agricultor
ğŸ‘©â€ğŸŒ¾,woman farmer,mujer agricultora
ğŸ‘¨â€ğŸ³,man cook,hombre cocinero
ğŸ‘©â€ğŸ³,woman cook,cocinera
ğŸ‘¨â€ğŸ”§,man mechanic,hombre mecÃ¡nico
ğŸ‘©â€ğŸ”§,woman mechanic,mecÃ¡nico mujer
ğŸ‘¨â€ğŸ­,man factory worker,hombre obrero
ğŸ‘¨â€ğŸ’¼,man office worker,hombre oficinista
ğŸ‘©â€ğŸ’¼,woman office worker,oficinista
ğŸ‘¨â€ğŸ”¬,man scientist,hombre cientÃ­fico
ğŸ‘©â€ğŸ”¬,woman scientist,mujer cientÃ­fica
ğŸ‘¨â€ğŸ’»,man technologist,tecnÃ³logo hombre
ğŸ‘©â€ğŸ’»,woman technologist,tecnÃ³loga mujer
ğŸ‘¨â€ğŸ¤,man singer,hombre cantante
ğŸ‘©â€ğŸ¤,woman singer,mujer cantante
ğŸ‘¨â€ğŸ¨,man artist,artista hombre
ğŸ‘©â€ğŸ¨,woman artist,mujer artista
ğŸ‘¨â€âœˆï¸,man pilot,hombre piloto
ğŸ‘©â€âœˆï¸,woman pilot,mujer piloto
ğŸ‘¨â€ğŸš€,man astronaut,hombre astronauta
ğŸ‘©â€ğŸš€,woman astronaut,mujer astronauta
ğŸ‘¨â€ğŸš’,man firefighter,hombre bombero
ğŸ‘©â€ğŸš’,woman firefighter,bombero de mujer
ğŸ‘®â€â™‚ï¸,man police officer,hombre
ğŸ‘®â€â™€ï¸,woman police officer,mujer policÃ­a
ğŸ•µï¸â€â™‚ï¸,man detective,hombre detective
ğŸ•µï¸â€â™€ï¸,woman detective,mujer detective
ğŸ’‚â€â™‚ï¸,man guard,hombre guardia
ğŸ’‚â€â™€ï¸,woman guard,mujer guardia
ğŸ¤´,prince,PrÃ­ncipe
ğŸ‘¸,princess,princesa
ğŸ‘³â€â™‚ï¸,man wearing turban,hombre con turbante
ğŸ‘³â€â™€ï¸,woman wearing turban,mujer con turbante
ğŸ‘²,man Chinese cap,hombre gorra china
ğŸ§•,woman headscarf,paÃ±uelo de mujer
ğŸ¤µ,man in tuxedo,hombre en esmoquin
ğŸ‘°,bride veil,velo de novia
ğŸ¤°,pregnant woman,mujer embarazada
ğŸ¤±,breast-feeding,amamantamiento
ğŸ‘¼,baby angel,Ãngel bebÃ©
ğŸ¤¶,Mrs. Claus,Sra. Claus
ğŸ§™â€â™‚ï¸,man mage,hombre mago
ğŸ§™â€â™€ï¸,woman mage,mago mujer
ğŸ§šâ€â™‚ï¸,man fairy,hombre hada
ğŸ§šâ€â™€ï¸,woman fairy,mujer hada
ğŸ§›â€â™‚ï¸,man vampire,hombre vampiro
ğŸ§›â€â™€ï¸,woman vampire,mujer vampiro
ğŸ§œâ€â™‚ï¸,merman,tritÃ³n
ğŸ§œâ€â™€ï¸,mermaid,sirena
ğŸ§â€â™‚ï¸,man elf,hombre elfo
ğŸ§â€â™€ï¸,woman elf,mujer duende
ğŸ§â€â™‚ï¸,man genie,genio del hombre
ğŸ§â€â™€ï¸,woman genie,genio de la mujer
ğŸ§Ÿâ€â™‚ï¸,man zombie,hombre zombie
ğŸ§Ÿâ€â™€ï¸,woman zombie,mujer zombie
ğŸ’†â€â™‚ï¸,man getting massage,hombre recibiendo masaje
ğŸ’†â€â™€ï¸,woman getting massage,mujer recibiendo masaje
ğŸ’‡â€â™‚ï¸,man haircut,hombre cabello
ğŸ’‡â€â™€ï¸,woman haircut,mujer cabello
ğŸš¶â€â™‚ï¸,man walking,hombre caminando
ğŸš¶â€â™€ï¸,woman walking,mujer caminando
ğŸƒâ€â™‚ï¸,man running,hombre corriendo
ğŸƒâ€â™€ï¸,woman running,mujer corriendo
ğŸ’ƒ,woman dancing,mujer bailando
ğŸ•º,man dancing,hombre bailando
ğŸ•´,man in suit levitating,hombre en traje levitando
ğŸ‘¯â€â™‚ï¸,men bunny ears,orejas de conejo hombres
ğŸ‘¯â€â™€ï¸,women bunny ears,orejas de conejo de mujer
ğŸ§—â€â™‚ï¸,man climbing,hombre escalando
ğŸ§—â€â™€ï¸,woman climbing,mujer escalada
ğŸ¤º,person fencing,esgrima
ğŸ‡,horse racing,las carreras de caballos
â›·,skier,esquiador
ğŸ‚,snowboarder,snowboarder
ğŸ„â€â™‚ï¸,man surfing,hombre surf
ğŸ„â€â™€ï¸,woman surfing,mujer surf
ğŸš£â€â™‚ï¸,man rowing boat,hombre
ğŸš£â€â™€ï¸,woman rowing boat,mujer
ğŸŠâ€â™‚ï¸,man swimming,hombre nadando
ğŸŠâ€â™€ï¸,woman swimming,mujer nadando
â›¹ï¸â€â™‚ï¸,man bouncing ball,hombre que rebota la pelota
â›¹ï¸â€â™€ï¸,woman bouncing ball,pelota que despide mujer
ğŸ‹ï¸â€â™‚ï¸,man lifting weights,hombre levantando pesas
ğŸ‹ï¸â€â™€ï¸,woman lifting weights,mujer levantando pesas
ğŸš´â€â™‚ï¸,man biking,hombre en bicicleta
ğŸš´â€â™€ï¸,woman biking,mujer en bicicleta
ğŸšµâ€â™‚ï¸,man mountain biking,hombre ciclismo de montaÃ±a
ğŸšµâ€â™€ï¸,woman mountain biking,mujer en bicicleta de montaÃ±a
ğŸ¤¸â€â™‚ï¸,man cartwheeling,hombre voltereta
ğŸ¤¸â€â™€ï¸,woman cartwheeling,mujer voltereta
ğŸ¤¼â€â™‚ï¸,men wrestling,hombres luchando
ğŸ¤¼â€â™€ï¸,women wrestling,mujeres luchando
ğŸ¤¹â€â™‚ï¸,man juggling,hombre haciendo malabares
ğŸ¤¹â€â™€ï¸,woman juggling,mujer malabares
ğŸ§˜â€â™‚ï¸,man in lotus position,hombre en posiciÃ³n de loto
ğŸ§˜â€â™€ï¸,woman in lotus position,mujer en posiciÃ³n de loto
ğŸ›€,person taking bath,baÃ±o de toma de persona
ğŸ›Œ,person in bed,persona en la cama
ğŸ‘«,man and woman holding hands,hombre y mujer tomados de la mano
ğŸ‘¬,two men holding hands,dos hombres tomados de la mano
ğŸ‘­,two women holding hands,dos mujeres tomados de la mano
ğŸ‘©â€â¤ï¸â€ğŸ’‹â€ğŸ‘¨,"kiss woman, man",besar mujer
ğŸ‘¨â€â¤ï¸â€ğŸ’‹â€ğŸ‘¨,"kiss man, man",besar hombre
ğŸ‘©â€â¤ï¸â€ğŸ’‹â€ğŸ‘©,"kiss woman, woman",beso mujer
ğŸ‘¨â€ğŸ‘©â€ğŸ‘¦,"family man, woman, boy",hombre de familia
ğŸ‘¨â€ğŸ‘©â€ğŸ‘§,"family man, woman, girl",hombre de familia
ğŸ‘¨â€ğŸ‘©â€ğŸ‘§â€ğŸ‘¦,"family man, woman, girl, boy",hombre de familia
ğŸ‘¨â€ğŸ‘©â€ğŸ‘¦â€ğŸ‘¦,"family man, woman, boy, boy",hombre de familia
ğŸ‘¨â€ğŸ‘©â€ğŸ‘§â€ğŸ‘§,"family man, woman, girl, girl",hombre de familia
ğŸ‘¨â€ğŸ‘¨â€ğŸ‘¦,"family man, man, boy",hombre de familia
ğŸ‘¨â€ğŸ‘¨â€ğŸ‘§,"family man, man, girl",hombre de familia
ğŸ‘¨â€ğŸ‘¨â€ğŸ‘§â€ğŸ‘¦,"family man, man, girl, boy",hombre de familia
ğŸ‘¨â€ğŸ‘¨â€ğŸ‘¦â€ğŸ‘¦,"family man, man, boy, boy",hombre de familia
ğŸ‘¨â€ğŸ‘¨â€ğŸ‘§â€ğŸ‘§,"family man, man, girl, girl",hombre de familia
ğŸ‘©â€ğŸ‘©â€ğŸ‘¦,"family woman, woman, boy",mujer de familia
ğŸ‘©â€ğŸ‘©â€ğŸ‘§,"family woman, woman, girl",mujer de familia
ğŸ‘©â€ğŸ‘©â€ğŸ‘§â€ğŸ‘¦,"family woman, woman, girl, boy",familia mujer
ğŸ‘©â€ğŸ‘©â€ğŸ‘¦â€ğŸ‘¦,"family woman, woman, boy, boy",mujer de familia
ğŸ‘©â€ğŸ‘©â€ğŸ‘§â€ğŸ‘§,"family woman, woman, girl, girl",mujer de familia
ğŸ‘¨â€ğŸ‘¦,"family man, boy",hombre de familia
ğŸ‘¨â€ğŸ‘¦â€ğŸ‘¦,"family man, boy, boy",hombre de familia
ğŸ‘¨â€ğŸ‘§,"family man, girl",hombre de familia
ğŸ‘¨â€ğŸ‘§â€ğŸ‘¦,"family man, girl, boy",hombre de familia
ğŸ‘¨â€ğŸ‘§â€ğŸ‘§,"family man, girl, girl",hombre de familia
ğŸ‘©â€ğŸ‘¦,"family woman, boy",mujer de familia
ğŸ‘©â€ğŸ‘¦â€ğŸ‘¦,"family woman, boy, boy",mujer de familia
ğŸ‘©â€ğŸ‘§,"family woman, girl",mujer de familia
ğŸ‘©â€ğŸ‘§â€ğŸ‘¦,"family woman, girl, boy",mujer de familia
ğŸ‘©â€ğŸ‘§â€ğŸ‘§,"family woman, girl, girl",mujer de familia
ğŸ‘£,footprints,huellas
ğŸµ,monkey,mono
ğŸ’,monkey,mono
ğŸ¦,gorilla,gorila
ğŸ¶,dog,perro
ğŸ•,dog,perro
ğŸ©,poodle,caniche
ğŸº,wolf,lobo
ğŸ¦Š,fox,zorro
ğŸ±,cat,gato
ğŸˆ,cat,gato
ğŸ¦,lion,leÃ³n
ğŸ¯,tiger,Tigre
ğŸ…,tiger,Tigre
ğŸ†,leopard,leopardo
ğŸ´,horse,caballo
ğŸ,horse,caballo
ğŸ¦„,unicorn,unicornio
ğŸ¦“,zebra,cebra
ğŸ¦Œ,deer,ciervo
ğŸ®,cow,vaca
ğŸ‚,ox,buey
ğŸƒ,buffalo,bÃºfalo
ğŸ„,cow,vaca
ğŸ·,pig,cerdo
ğŸ–,pig,cerdo
ğŸ—,boar,Jabali
ğŸ½,pig nose,nariz de cerdo
ğŸ,ram,RAM
ğŸ‘,ewe,oveja
ğŸ,goat,cabra
ğŸª,camel,camello
ğŸ«,two-hump camel,camello de dos jorobas
ğŸ¦’,giraffe,jirafa
ğŸ˜,elephant,elefante
ğŸ¦,rhinoceros,rinoceronte
ğŸ­,mouse,ratÃ³n
ğŸ,mouse,ratÃ³n
ğŸ€,rat,rata
ğŸ¹,hamster,hÃ¡mster
ğŸ°,rabbit,Conejo
ğŸ‡,rabbit,Conejo
ğŸ¿,chipmunk,ardilla
ğŸ¦”,hedgehog,erizo
ğŸ¦‡,bat,murciÃ©lago
ğŸ»,bear,oso
ğŸ¨,koala,coala
ğŸ¼,panda,panda
ğŸ¾,paw prints,huellas de garras
ğŸ¦ƒ,turkey,TurquÃ­a
ğŸ”,chicken,pollo
ğŸ“,rooster,gallo
ğŸ£,hatching chick,polluelo de eclosiÃ³n
ğŸ¤,baby chick,pollito
ğŸ¥,baby chick,pollito
ğŸ¦,bird,pÃ¡jaro
ğŸ§,penguin,pingÃ¼ino
ğŸ•Š,dove,paloma
ğŸ¦…,eagle,Ã¡guila
ğŸ¦†,duck,ganzo
ğŸ¦‰,owl,bÃºho
ğŸ¸,frog,rana
ğŸŠ,crocodile,cocodrilo
ğŸ¢,turtle,Tortuga
ğŸ¦,lizard,lagartija
ğŸ,snake,serpiente
ğŸ²,dragon,continuar
ğŸ‰,dragon,continuar
ğŸ¦•,sauropod,saurÃ³podo
ğŸ¦–,T-Rex,Tirano saurio Rex
ğŸ³,spouting whale,escupiendo ballena
ğŸ‹,whale,ballena
ğŸ¬,dolphin,delfÃ­n
ğŸŸ,fish,pescado
ğŸ ,tropical fish,pez tropical
ğŸ¡,blowfish,pez globo
ğŸ¦ˆ,shark,tiburÃ³n
ğŸ™,octopus,pulpo
ğŸš,spiral shell,concha espiral
ğŸŒ,snail,caracol
ğŸ¦‹,butterfly,mariposa
ğŸ›,bug,error
ğŸœ,ant,hormiga
ğŸ,honeybee,abeja
ğŸ,lady beetle,escarabajo dama
ğŸ¦—,cricket,Grillo
ğŸ•·,spider,araÃ±a
ğŸ•¸,spider web,telaraÃ±a
ğŸ¦‚,scorpion,escorpiÃ³n
ğŸ’,bouquet,ramo
ğŸŒ¸,cherry blossom,flor de cerezo
ğŸµ,rosette,rosetÃ³n
ğŸŒ¹,rose,Rosa
ğŸ¥€,wilted flower,flor marchita
ğŸŒº,hibiscus,hibisco
ğŸŒ»,sunflower,girasol
ğŸŒ¼,blossom,flor
ğŸŒ·,tulip,tulipÃ¡n
ğŸŒ±,seedling,planta de semillero
ğŸŒ²,tree,Ã¡rbol
ğŸŒ³,deciduous tree,Ã¡rbol caducifolio
ğŸŒ´,palm tree,palmera
ğŸŒµ,cactus,cactus
ğŸŒ¿,herb,hierba
â˜˜,shamrock,trÃ©bol
ğŸ€,four leaf clover,trÃ©bol de cuatro hojas
ğŸ,maple leaf,hoja de arce
ğŸ‚,hoja,hoja
ğŸƒ,leaf fluttering in wind,hoja revoloteando en el viento
ğŸ‡,grapes,uvas
ğŸˆ,melon,melÃ³n
ğŸ‰,watermelon,sandÃ­a
ğŸŠ,tangerine orange,Mandarina naranja
ğŸ‹,lemon,limÃ³n
ğŸŒ,banana,plÃ¡tano
ğŸ,pineapple,piÃ±a
ğŸ,apple,manzana
ğŸ,pear,Pera
ğŸ‘,peach,melocotÃ³n
ğŸ’,cherries,guindas
ğŸ“,strawberry,fresa
ğŸ¥,kiwi fruit,kiwi
ğŸ…,tomato,tomate
ğŸ¥‘,avocado,aguacate palta
ğŸ†,eggplant,berenjena
ğŸ¥”,potato,patata
ğŸ¥•,carrot,Zanahoria
ğŸŒ½,ear of corn,mazorca de maÃ­z
ğŸŒ¶,hot pepper,guindilla
ğŸ¥’,cucumber,Pepino
ğŸ¥¦,broccoli,brÃ³coli
ğŸ„,mushroom,seta
ğŸ¥œ,peanuts,miseria
ğŸŒ°,chestnut,castaÃ±a
ğŸ,bread,pan
ğŸ¥,croissant,cuerno
ğŸ¥–,baguette bread,baguette
ğŸ¥¨,pretzel,galleta
ğŸ¥,pancakes,panqueques
ğŸ§€,cheese,queso
ğŸ–,meat on bone,carne en hueso
ğŸ—,poultry leg,carne
ğŸ¥“,bacon,tocino
ğŸ”,hamburger,sandwich hamburguesa
ğŸŸ,french-fries,papas-fritas
ğŸ•,pizza,Pizza
ğŸŒ­,hot dog,Pancho
ğŸ¥ª,sandwich,emparedado
ğŸŒ®,taco,taco
ğŸŒ¯,burrito,burrito
ğŸ¥™,sandwich hamburger,sandwich hamburguesa
ğŸ¥š,egg,huevo
ğŸ¥˜,shallow pan of food,bandeja de comida poco profunda
ğŸ²,food,comida
ğŸ¥£,bowl,pocillo cuenco
ğŸ¥—,green salad,ensalada verde
ğŸ¿,popcorn,popcorn
ğŸ¥«,canned food,comida enlatada
ğŸ±,bento box,caja bento
ğŸš,rice,arroz
ğŸœ,steaming bowl,cuenco humeante
ğŸ,spaghetti,espaguetis
ğŸ ,papa,papa
ğŸ¢,oden,oden
ğŸ£,sushi,Sushi
ğŸ¤,fried shrimp,camaron
ğŸ¥ ,fortune cookie,galleta de la fortuna
ğŸ¥¡,takeout box,caja de comida para llevar
ğŸ¦€,crab,cangrejo
ğŸ¦,shrimp,camarÃ³n
ğŸ¦‘,squid,calamar
ğŸ¦,ice-cream,helado
ğŸ§,icecream,helado
ğŸ¨,ice cream,helado
ğŸ©,doughnut,rosquilla
ğŸª,cookie,Galleta
ğŸ‚,birthday cake,pastel de cumpleaÃ±os
ğŸ°,shortcake,torta de frutas
ğŸ¥§,pie,tarta
ğŸ«,chocolate bar,barra de chocolate
ğŸ¬,candy,caramelo
ğŸ­,lollipop,chupete
ğŸ®,custard,lactoso
ğŸ¯,honey pot,tarro de miel
ğŸ¼,baby bottle,biberÃ³n
ğŸ¥›,glass of milk,vaso de leche
ğŸµ,teacup,taza
ğŸ¶,sake,motivo
ğŸ¾,bottle popping cork,botella que estalla el corcho
ğŸ·,wine glass,Copa de vino
ğŸº,beer,cerveza
ğŸ»,beer,cerveza
ğŸ¥‚,clinking glasses,vidrios tintineantes
ğŸ¥¤,straw,sorbete
ğŸ¥¢,chopsticks,palillos
ğŸ½,eat,comer
ğŸ´,fork and knife,tenedor y cuchillo
ğŸ¥„,spoon,cuchara
ğŸ”ª,kitchen knife,cuchillo
ğŸº,amphora,Ã¡nfora
ğŸŒ,globe showing Europe-Africa,globo que muestra Europa-Ãfrica
ğŸŒ,globe showing Americas,globo que muestra las AmÃ©ricas
ğŸŒ,globe showing Asia-Australia,globo que muestra Asia-Australia
ğŸŒ,globe meridians,meridianos del globo
ğŸ—º,world map,mapa del mundo
ğŸ—¾,map of Japan,mapa de JapÃ³n
ğŸ”,snow-capped,nieve
ğŸ—»,mount fuji,Monte Fuji
ğŸ–,beach,playa
ğŸœ,desert,Desierto
ğŸ,desert island,isla desierta
ğŸ,national park,parque Nacional
ğŸŸ,stadium,estadio
ğŸ›,classical building,edificio clÃ¡sico
ğŸ—,building construction,ConstrucciÃ³n de edificio
ğŸ¢,office building,edificio de oficinas
ğŸ£,Japanese post office,Oficina de correos japonesa
ğŸ¤,post office,oficina postal
ğŸ¥,hospital,hospital
ğŸ¦,bank,banco
ğŸ¨,hotel,hotel
ğŸ©,love hotel,Hotel del amor
ğŸª,convenience store,tienda de conveniencia
ğŸ«,school,colegio
ğŸ¬,department store,almacenes
ğŸ¯,Japanese castle,Castillo japonÃ©s
ğŸ°,castle,castillo
ğŸ’’,wedding,Boda
ğŸ—¼,Tokyo tower,Torre de Tokio
ğŸ—½,Statue of Liberty,Estatua de la Libertad
â›ª,church,Iglesia
ğŸ•Œ,mosque,mezquita
ğŸ•,synagogue,sinagoga
â›©,shinto shrine,Santuario sintoÃ­sta
ğŸ•‹,kaaba,Kaaba
â›º,tent,tienda
ğŸŒ,foggy,brumoso
ğŸŒƒ,night stars,estrellas nocturnas
ğŸ™,cityscape,paisaje urbano
ğŸŒ„,sunrise,sol
ğŸŒ…,sunrise,amanecer
ğŸ ,carousel horse,carrusel de caballos
ğŸ¡,ferris wheel,noria
ğŸ¢,fair,feria
ğŸ’ˆ,barber pole,poste de peluquero
ğŸª,circus tent,tienda de circo
ğŸš‚,locomotive,locomotora
ğŸšƒ,railway car,vagÃ³n de ferrocarril
ğŸš…,bullet train,tren bala
ğŸš†,train,tren
ğŸš‡,metro,metro
ğŸš‰,station,estaciÃ³n
ğŸšŠ,tram,tranvÃ­a
ğŸš,monorail,monocarril
ğŸš,mountain railway,ferrocarril de montaÃ±a
ğŸš‹,tram car,tranvÃ­a
ğŸšŒ,bus,autobÃºs
ğŸš,oncoming bus,bus que se aproxima
ğŸš,trolleybus,trolebÃºs
ğŸš,minibus,microbÃºs
ğŸš‘,ambulance,ambulancia
ğŸš’,fire engine,camion de bomberos
ğŸš“,police car,coche de policÃ­a
ğŸš”,oncoming police car,coche de policÃ­a que se aproxima
ğŸš•,taxi,taxi
ğŸš—,automobile,automÃ³vil
ğŸš˜,oncoming automobile,automÃ³vil que se aproxima
ğŸš™,sport utility vehicle,vehÃ­culo utilitario deportivo
ğŸšš,delivery truck,camiÃ³n de reparto
ğŸš›,articulated lorry,camiÃ³n articulado
ğŸšœ,tractor,tractor
ğŸ,racing car,coche de carreras
ğŸ,motorcycle,motocicleta
ğŸ›µ,motor scooter,motor de scooter
ğŸš²,bicycle,bicicleta
ğŸ›´,kick scooter,patinete
ğŸš,bus,autobÃºs
ğŸ›£,motorway,autopista
ğŸ›¤,railway track,vÃ­a de ferrocarril
â›½,fuel pump,bomba de combustible
ğŸš¨,police car light,luz del coche de la policÃ­a
ğŸš¥,horizontal traffic light,semÃ¡foro horizontal
ğŸš¦,vertical traffic light,semÃ¡foro vertical
ğŸ›‘,stop sign,seÃ±al de stop
ğŸš§,construction,construcciÃ³n
âš“,anchor,ancla
â›µ,sailboat,velero
ğŸ›¶,canoe,canoa
ğŸš¤,speedboat,lancha rÃ¡pida
ğŸ›³,passenger ship,buque de pasajeros
â›´,ferry,transportar
ğŸ›¥,motor boat,lancha
ğŸš¢,ship,enviar
âœˆ,airplane,aviÃ³n
ğŸ›©,airplane,aviÃ³n
ğŸ›«,airplane,aviÃ³n
ğŸ›¬,airplane,aviÃ³n
ğŸš,helicopter,helicÃ³ptero
ğŸšŸ,suspension railway,ferrocarril de suspensiÃ³n
ğŸš ,mountain cableway,telefÃ©rico de montaÃ±a
ğŸš¡,aerial tramway,telefÃ©rico
ğŸ›°,satellite,satÃ©lite
ğŸš€,rocket,cohete
ğŸ›¸,flying saucer,Platillo volador
ğŸ›,bellhop bell,campana
âŒ›,hourglass done,reloj de arena hecho
â³,hourglass not done,reloj de arena no hecho
â°,alarm clock,despertador minutos hora segundos
â±,stopwatch,cronÃ³grafo minutos hora segundos
ğŸ•°,mantelpiece clock,reloj
ğŸŒ™,crescent moon,Luna
ğŸŒš,new moon,Luna
ğŸŒ›,first quarter moon,luna
ğŸŒœ,last quarter moon,luna
ğŸŒ¡,thermometer,termÃ³metro
â˜€,sun,sol
ğŸŒ,sun,sol
â­,star,estrella
ğŸŒŸ,glowing star,estrella brillante
ğŸŒ ,shooting star,estrella fugaz
â˜,cloud,nube
â›…,sun behind cloud,sol detrÃ¡s de la nube
â›ˆ,cloud lightning and rain,nube de rayos y lluvia
ğŸŒ¤,sun cloud,nube de sol
ğŸŒ¥,sun cloud,nube de sol
ğŸŒ¦,sun cloud,nube de sol
ğŸŒ§,cloud rain,lluvia de nubes
ğŸŒ¨,cloud snow,nube de nieve
ğŸŒ©,cloud lightning,nube de rayos
ğŸŒ«,fog,niebla
ğŸŒ¬,wind,viento
ğŸŒ€,cyclone,ciclÃ³n
ğŸŒˆ,rainbow,arco iris
ğŸŒ‚,closed umbrella,paraguas cerrado
â˜‚,umbrella,paraguas
â˜”,umbrella rain drops,gotas de lluvia paraguas
âš¡,high voltage,Alto voltaje
â„,snowflake,copo de nieve
â˜ƒ,snowman,monigote de nieve
â›„,snowman without snow,muÃ±eco de nieve sin nieve
â˜„,comet,cometa
ğŸ”¥,fire,fuego
ğŸ’§,droplet,gotita
ğŸŒŠ,water wave,ola de agua
ğŸƒ,jack-o-lantern,Jack-o-lantern
ğŸ„,Christmas tree,Ã¡rbol de Navidad
ğŸ‡,sparkler,bengala
âœ¨,sparkles,destellos
ğŸˆ,balloon,globo
ğŸ‰,party popper,aguafiestas
ğŸŠ,confetti,confeti
ğŸ‹,tanabata tree,Ã¡rbol tanabata
ğŸ,pine decoration,decoraciÃ³n de pino
ğŸ,Japanese dolls,MuÃ±ecas japonesas
ğŸ,carp streamer,streamer de la carpa
ğŸ,wind chime,carillÃ³n de viento
ğŸ‘,moon viewing ceremony,ceremonia de la luna
ğŸ€,ribbon,cinta
ğŸ,wrapped gift,regalo envuelto
ğŸ—,reminder ribbon,cinta de recordatorio
ğŸŸ,admission tickets,boletos de admisiÃ³n
ğŸ«,ticket,boleto
ğŸ–,military medal,medalla militar
ğŸ†,trophy,trofeo
ğŸ…,sports medal,medalla deportiva
âš½,soccer,fÃºtbol
âš¾,baseball,bÃ©isbol
ğŸ€,basketball,baloncesto
ğŸ,volleyball,voleibol
ğŸˆ,football,fÃºtbol
ğŸ‰,rugby football,rugby fÃºtbol
ğŸ¾,tennis,tenis
ğŸ³,bowling,bolos-juego
ğŸ,cricket game,juego de cricket
ğŸ‘,field hockey,hockey sobre hierba
ğŸ“,ping pong,ping pong
ğŸ¸,badminton,bÃ¡dminton
ğŸ¥Š,boxing glove,guante de boxeo
ğŸ¥‹,martial arts uniform,uniforme de artes marciales
â›³,flag in hole,bandera en el agujero
â›¸,ice skate,patinar sobre hielo
ğŸ£,fishing pole,caÃ±a de pescar
ğŸ½,running shirt,camisa de correr
ğŸ¿,skis,esquÃ­s
ğŸ›·,sled,trineo
ğŸ¥Œ,curling stone,piedra que se encrespa
ğŸ¯,direct hit,golpe directo
ğŸ±,pool,billar
ğŸ”®,crystal,cristal
ğŸ®,video game,videojuego
ğŸ•¹,joystick,palanca de mando
ğŸ°,slot machine,casino
ğŸ²,game die,juego morir
â™ ,spade suit,traje de espada
â™¥,heart suit,traje de corazÃ³n
â™¦,diamond suit,traje de diamantes
â™£,club suit,traje de club
â™Ÿ,âŠ› chess pawn,âŠ› peÃ³n de ajedrez
ğŸƒ,joker,bromista
ğŸ´,flower playing cards,naipes de flores
ğŸ­,performing arts,las artes escÃ©nicas
ğŸ–¼,framed picture,Foto enmarcada
ğŸ¨,artist palette,paleta de artistas
ğŸ‘“,glasses,gafas
ğŸ•¶,sunglasses,Gafas de sol
ğŸ‘”,necktie,corbata
ğŸ‘•,t-shirt,camiseta
ğŸ‘–,jeans,pantalones
ğŸ§£,scarf,bufanda
ğŸ§¤,gloves,guantes
ğŸ§¦,socks,calcetines
ğŸ‘—,dress,vestir
ğŸ‘˜,kimono,kimono
ğŸ‘™,bikini,bikini
ğŸ‘š,womanâ€™s clothes,ropa de mujer
ğŸ‘›,purse,bolso
ğŸ‘œ,handbag,bolso
ğŸ‘,clutch bag,bolso de embrague
ğŸ›,shopping bags,bolsas de compra
ğŸ’,backpack,mochila
ğŸ‘,manâ€™s shoe,zapato de hombre
ğŸ‘Ÿ,running shoe,Zapatos para correr
ğŸ‘¡,womanâ€™s sandal,sandalia de mujer
ğŸ‘‘,crown,corona
ğŸ‘’,womanâ€™s hat,sombrero de mujer
ğŸ©,hat,sombrero
ğŸ“,graduation cap,gorro de graduaciÃ³n
â›‘,rescue,rescate
ğŸ“¿,prayer beads,Rosario
ğŸ’„,lipstick,labial
ğŸ’,ring,anillo
ğŸ’,gem stone,piedra gema
ğŸ”ˆ,speaker,altavoz
ğŸ”‰,speaker,altavoz
ğŸ”Š,speaker,altavoz
ğŸ“¢,loudspeaker,altoparlante
ğŸ“£,megaphone,megÃ¡fono
ğŸ“¯,postal horn,cuerno postal
ğŸ””,bell,campana
ğŸ¼,musical score,puntuaciÃ³n musical
ğŸµ,musical note,nota musical
ğŸ¶,musical notes,notas musicales
ğŸ™,studio microphone,micrÃ³fono de estudio
ğŸš,level slider,deslizador de nivel
ğŸ›,control knobs,perillas de control
ğŸ¤,microphone,micrÃ³fono
ğŸ§,headphone,auricular
ğŸ“»,radio,radio
ğŸ·,saxophone,saxofÃ³n
ğŸ¸,guitar,guitarra
ğŸ¹,musical keyboard,teclado musical
ğŸº,trumpet,trompeta
ğŸ»,violin,violÃ­n
ğŸ¥,drum,tambor
ğŸ“±,mobile phone,telefono
â˜,telephone,telÃ©fono
ğŸ“,telephone receiver,receptor de telÃ©fono
ğŸ“Ÿ,pager,buscapersonas
ğŸ”‹,battery,baterÃ­a
ğŸ”Œ,electric plug,Enchufe electrico
ğŸ’»,laptop computer,ordenador portÃ¡til
ğŸ–¥,desktop computer,computadora de escritorio
ğŸ–¨,printer,impresora
âŒ¨,keyboard,teclado
ğŸ–±,computer mouse,ratÃ³n de computadora
ğŸ–²,trackball,trackball
ğŸ’½,computer disk,disco de la computadora
ğŸ’¿,disk,cd disco
ğŸ“€,dvd,DVD
ğŸ§®,âŠ› abacus,âŠ› Ã¡baco
ğŸ¥,movie,cine
ğŸ,cine,cine
ğŸ“½,cine,cine
ğŸ¬,clapper board,tablero de chapaleta
ğŸ“º,television,televisiÃ³n
ğŸ“·,video,video
ğŸ“¹,video,video
ğŸ“¼,videocassette,videocasetera
ğŸ”,magnifying glass tilted left,lupa inclinada a la izquierda
ğŸ”,magnifying glass tilted right,lupa inclinada derecha
ğŸ•¯,candle,vela
ğŸ’¡,light bulb,bombilla
ğŸ”¦,flashlight,flash
ğŸ“”,notebook,cuaderno
ğŸ“•,closed book,libro cerrado
ğŸ“–,open book,libro abierto
ğŸ“—,green book,libro Verde
ğŸ“˜,blue book,libro Azul
ğŸ““,notebook,cuaderno
ğŸ“ƒ,page curl,curl de la pÃ¡gina
ğŸ“œ,scroll,voluta
ğŸ“„,page facing up,pÃ¡gina hacia arriba
ğŸ“°,newspaper,periÃ³dico
ğŸ—,rolled-up newspaper,periÃ³dico enrollado
ğŸ“‘,bookmark tabs,pestaÃ±as de marcadores
ğŸ”–,bookmark,marcador
ğŸ·,label,etiqueta
ğŸ’°,money bag,bolsa de dinero
ğŸ’´,yen banknote,yen
ğŸ’µ,dollar banknote,dinero
ğŸ’¶,euro banknote,euros
ğŸ’³,credit card,tarjeta de crÃ©dito
ğŸ’²,heavy dollar sign,dinero
âœ‰,envelope,carta
ğŸ“§,e-mail,correo electrÃ³nico
ğŸ“¦,package,paquete
ğŸ“«,closed mailbox raised flag,buzÃ³n
ğŸ“ª,closed mailbox lowered flag,el buzÃ³n
ğŸ“¬,open mailbox raised flag,abrir el buzÃ³n
ğŸ“­,open mailbox lowered flag,abrir el buzÃ³n
ğŸ“®,postbox,buzÃ³n
ğŸ—³,ballot box ballot,boleta electoral
ğŸ–Š,pen,lapiz
ğŸ–Œ,paintbrush,Cepillo de pintura
ğŸ–,crayon,color
ğŸ“,memo,memorÃ¡ndum
ğŸ’¼,briefcase,maletÃ­n
ğŸ“,file folder,carpeta de archivos
ğŸ“‚,open file folder,abrir la carpeta de archivos
ğŸ“…,calendar,calendario
ğŸ“†,calendar,calendario
ğŸ—’,spiral notepad,Bloc de notas en espiral
ğŸ—“,spiral calendar,calendario espiral
ğŸ“‡,card index,fichero
ğŸ“ˆ,chart increasing,tabla creciente
ğŸ“‰,chart decreasing,disminuciÃ³n de la tabla
ğŸ“Š,chart,grafico
ğŸ“‹,clipboard,portapapeles
ğŸ“Œ,pushpin,chincheta
ğŸ“,round pushpin,chincheta redonda
ğŸ“,paperclip,clip
ğŸ–‡,linked paperclips,sujetapapeles vinculados
ğŸ“,straight ruler,regla recta
ğŸ“,triangular ruler,regla triangular
âœ‚,scissors,tijeras
ğŸ—ƒ,card file box,caja de archivo de tarjeta
ğŸ—„,file cabinet,archivador
ğŸ—‘,wastebasket,papelera
ğŸ”’,locked,bloqueado
ğŸ”“,unlocked,desbloqueado
ğŸ”‘,key,llave
ğŸ—,old key,llave vieja
ğŸ”¨,hammer,martillo
â›,pick,recoger
ğŸ› ,hammer and wrench,martillo y llave
ğŸ—¡,dagger,daga
âš”,crossed swords,espadas cruzadas
ğŸ”«,pistol,pistola
ğŸ¹,bow and arrow,arco y flecha
ğŸ›¡,shield,proteger
ğŸ”§,wrench,llave
ğŸ”©,nut and bolt,tuerca y el perno
âš™,gear,engranaje
ğŸ—œ,clamp,abrazadera
âš–,balance scale,balanza
ğŸ”—,link,enlazar
â›“,chains,cadenas
âš—,alembic,alambique
ğŸ”¬,microscope,microscopio
ğŸ”­,telescope,telescopio
ğŸ“¡,satellite antenna,antena satelital
ğŸ’‰,syringe,jeringuilla
ğŸ’Š,pill,pastilla
ğŸšª,door,puerta
ğŸ›,bed,cama
ğŸš½,toilet,baÃ±o
ğŸš¿,shower,ducha
ğŸ›,bathtub,baÃ±era
ğŸ›’,shopping cart,compras
ğŸš¬,cigarette,cigarrillo
âš°,coffin,ataÃºd
âš±,funeral urn,urna funeraria
ğŸ—¿,moai,moai
ğŸ§,ATM sign,Signo de ATM
ğŸš®,litter in bin sign,basura en el signo de bin
ğŸš°,potable water,agua potable
â™¿,wheelchair,ruedas
ğŸšº,womenâ€™s room,habitaciÃ³n de mujeres
ğŸš»,restroom,Area de aseo
ğŸš¼,baby,bebÃ©
ğŸš¾,water closet,inodoro
ğŸ›‚,passport control,control de pasaportes
ğŸ›ƒ,customs,aduana
ğŸ›„,baggage claim,recogida de equipaje
ğŸ›…,left luggage,dejar equipaje
âš ,warning,advertencia
ğŸš¸,children crossing,niÃ±os cruzando
â˜¢,radioactive,radioactivo
â˜£,biohazard,riesgo biolÃ³gico
â¬†,up arrow,flecha arriba
â†—,up-right arrow,flecha arriba-derecha
â¡,arrow,flecha
â†˜,down-right arrow,flecha abajo-derecha
â¬‡,down arrow,flecha hacia abajo
â†™,down-left arrow,flecha abajo-izquierda
â¬…,left arrow,flecha izquierda
â†–,up-left arrow,flecha arriba-izquierda
â†•,up-down arrow,flecha arriba-abajo
â†”,left-right arrow,flecha izquierda-derecha
â†©,right arrow curving left,flecha derecha curva izquierda
â†ª,left arrow curving right,flecha izquierda curva derecha
â¤´,right arrow curving up,flecha derecha curvÃ¡ndose
â¤µ,right arrow curving down,flecha derecha curvÃ¡ndose hacia abajo
ğŸ”ƒ,clockwise vertical arrows,flechas verticales en sentido horario
ğŸ”„,counterclockwise arrows,de flechas hacia la izquierda
ğŸ”™,BACK arrow,VOLVER flecha
ğŸ”š,END arrow,Flecha END
ğŸ”›,ON! arrow,Â¡EN! flecha
ğŸ”œ,SOON arrow,PRONTO arrow
ğŸ”,TOP arrow,Flecha superior
ğŸ›,place of worship,lugar de adoraciÃ³n
âš›,atom,Ã¡tomo
ğŸ•‰,om,om
âœ¡,star of David,estrella de David
â˜¸,wheel of dharma,rueda de dharma
â˜¯,yin yang,yin yang
âœ,latin cross,cruz latina
â˜¦,orthodox cross,cruz ortodoxa
â˜®,peace,paz
ğŸ”€,shuffle tracks,de reproducciÃ³n aleatoria
ğŸ”,repeat,de repeticiÃ³n
ğŸ”‚,repeat single,de repeticiÃ³n
â–¶,next play,de play siguiente
â©,fast-forward,de avance rÃ¡pido
â¯,play or pause,reproducir o pausar
â—€,reverse,de retroceso
âª,fast reverse,de retroceso rÃ¡pido
ğŸ”¼,upwards,hacia arriba
â«,fast up,de subir rÃ¡pido
ğŸ”½,downwards,hacia abajo
â¬,fast down,de bajada rÃ¡pida
â¸,pause,de pausa
â¹,stop,Detener
âº,record,grabar
â,eject,de expulsiÃ³n
ğŸ¦,cinema,cine
ğŸ”…,dim,atenuado
ğŸ”†,bright,brillante
ğŸ“¶,antenna bars,barras de antena
â™¾,âŠ› infinity,âŠ› infinito
â™»,recycling,reciclaje
âšœ,fleur-de-lis,flor de lis
ğŸ”±,trident emblem,emblema del tridente
ğŸ“›,name badge,insignia de identificaciÃ³n
â­•,heavy large,pesado
âœ…,check,verificaciÃ³n
â˜‘,ballot box check,cheque de caja de votaciÃ³n
âœ”,heavy check mark,marca de verificaciÃ³n pesada
âœ–,heavy multiplication x,multiplicaciÃ³n pesada x
âŒ,cross mark,Marca de la cruz
â,cross mark,de marca cruzada
â°,curly loop,bucle rizado
â¿,double curly loop,doble rizo
â‡,sparkle,brillar
â€¼,double exclamation mark,doble exclamaciÃ³n
â‰,exclamation question mark,signo de interrogaciÃ³n de exclamaciÃ³n
â“,question mark,signo de interrogaciÃ³n
â”,white question mark,signo de interrogaciÃ³n
â•,white exclamation mark,signo de exclamaciÃ³n
â—,exclamation mark,signo de exclamaciÃ³n
ã€°,wavy dash,tablero ondulado
Â©,copyright,derechos de autor
Â®,registered,registrado
â„¢,trade mark,marca comercial
#ï¸âƒ£,keycap: #,keycap: #
*ï¸âƒ£,keycap: *,keycap: *
ğŸ”¤,letters,letras
ğŸ†’,COOL,COOL
ğŸ†“,FREE,LIBRE
â„¹,information,informaciÃ³n
ğŸ†”,ID,ID
ğŸ†•,NEW,NUEVO
ğŸ†–,NG,NG
ğŸ†—,OK,Aceptar
ğŸ†˜,SOS,SOS
ğŸ†™,UP!,Â¡ARRIBA!
ğŸ†š,VS,VS
ğŸˆµ,japanese,japones
ğŸ”´,red,rojo
ğŸ”µ,blue,azul
âšª,white,blanco
â¬œ,white,blanco
â¬›,cuadrado,cuadrado
ğŸ”»,red triangle pointed down,triÃ¡ngulo rojo apuntando hacia abajo
ğŸ’ ,diamond,diamante
ğŸ”˜,radio,radio
ğŸ,chequered flag,bandera a cuadros
ğŸš©,triangular flag,bandera triangular
ğŸŒ,crossed flags,banderas cruzadas
ğŸ´,flag,Bandera
ğŸ³,flag,bandera
ğŸ³ï¸â€ğŸŒˆ,flag,bandera
ğŸ´â€â˜ ï¸,âŠ› pirate flag,âŠ› bandera pirata